MPI_Init,MPI_Finalize,MPI_Comm_get_name,MPI_Comm_rank,MPI_Initialized,MPI_Get_version,MPI_Get_address,MPI_Wtime,MPI_Comm_dup,MPI_Dims_create,MPI_Comm_set_errhandler,MPI_Type_free,MPI_Barrier,MPI_Attr_get,MPI_Comm_size,MPI_Errhandler_set,MPI_Type_commit,MPI_Allreduce,MPI_Comm_group,MPI_Group_rank,MPI_Scan,MPI_Send,MPI_Bcast,MPI_Comm_get_parent,MPI_Comm_spawn,MPI_Comm_split,MPI_SEC_Bcast,MPI_Get_processor_name,MPI_Win_free,MPI_Abort,MPI_Reduce,MPI_Recv,MPI_Cart_create,MPI_Alltoall,MPI_Comm_disconnect,MPI_Scatter,MPI_Comm_idup,MPI_Test,MPI_Gather,MPI_Allgather,MPI_File_open,MPI_File_write_at,MPI_File_close,MPI_File_iwrite_all,MPI_File_c2f,MPI_Rsend,MPI_Type_vector,MPI_Issend,MPI_Irecv,MPI_Waitall,MPI_Isend,MPI_Wait,MPI_Comm_connect,MPI_Type_get_extent,MPI_Scatterv,MPI_Gatherv,MPI_Type_get_extent_x,MPI_Wtick,MPI_SEC_Allgather,MPI_Ibarrier,MPI_Win_allocate,MPI_Get_library_version,MPI_Sendrecv,MPI_Info_free,MPI_Win_create,MPI_SEC_Alltoall,MPI_Bsend,MPI_Sendrecv_replace,MPI_Info_create,MPI_Info_set,MPI_Info_get,MPI_Type_contiguous,MPI_Alltoallw,MPI_Type_indexed,MPI_Ssend,MPI_Graph_create,MPI_Graphdims_get,MPI_Direct_sort,MPI_Comm_spawn_multiple,MPI_Pack,MPI_Unpack,MPI_Cart_shift,MPI_File_read_all,MPI_Get_count,MPI_File_write,MPI_Comm_free,MPI_Error_string,MPI_Op_create,MPI_Op_free,MPI_Type_size,MPI_Type_ub,MPI_Alloc_mem,MPI_Free_mem,MPI_Cart_get,MPI_Waitany,MPI_Comm_get_attr,MPI_Intercomm_merge,MPI_Type_get_envelope,MPI_Type_get_contents,MPI_Comm_split_type,MPI_Testsome,MPI_Probe,MPI_File_call_errhandler,MPI_File_set_errhandler,MPI_Type_create_struct,MPI_Type_create_hvector,MPI_File_set_view,MPI_Win_unlock,MPI_Win_lock,MPI_Buffer_attach,MPI_Buffer_detach,MPI_Iprobe,MPI_Win_fence,MPI_Reduce_scatter_block,MPI_Type_create_f90_real,MPI_Type_create_f90_complex,MPI_Type_create_f90_integer,MPI_Win_unlock_all,MPI_Comm_create_keyval,MPI_Comm_set_attr,MPI_Comm_free_keyval,MPI_Errhandler_free,MPI_Put,MPI_Cancel,MPI_Group_excl,MPI_Group_free,MPI_Intercomm_create,MPI_Get,MPI_Group_incl,MPI_Comm_create,MPI_Win_lock_all,MPI_Win_sync,MPI_Comm_create_group,MPI_SEC_Send,MPI_SEC_Recv,MPI_Win_shared_query,MPI_Rsend_init,MPI_Allgatherv,MPI_Mprobe,MPI_Mrecv,MPI_Type_struct,MPI_Ibsend,MPI_Error_class,MPI_Win_allocate_shared,MPI_Cart_coords,MPI_Cart_rank,MPI_Cart_sub,MPI_Testany,MPI_Accumulate,MPI_Win_flush,MPI_Win_flush_local,MPI_File_sync,MPI_File_seek,MPI_Win_create_dynamic,MPI_Win_attach,MPI_Win_detach,MPI_Type_extent,MPI_Type_create_resized,MPI_T_init_thread,MPI_T_pvar_get_num,MPI_T_pvar_get_info,MPI_Type_create_darray,MPI_Testall,MPI_Rget,MPI_Rput,MPI_Open_port,MPI_Win_set_info,MPI_Win_get_info,MPI_Waitsome,MPI_Request_free,MPI_Send_init,MPI_Recv_init,MPI_Comm_dup_with_info,MPI_Compare_and_swap,MPI_Win_set_errhandler
,,,,,,,,,,,,,,,,,,,,,,,,,,,,,,,,,,,,,,,,,,,,,,,,,,,,,,,,,,,,,,,,,,,,,,,,,,,,,,,,,,,,,,,,,,,,,,,,,,,,,,,,,,,,,,,,,,,,,,,,,,,,,,,,,,,,,,,,,,,,,,,,,,,,,,,,,,,,,,,,,,,,,,,,,,,,,,
6.0,9.0,,,,,,,,,,,,,,,,,,,,,,,,,,,,,,,,,,,,,,,,,,,,,,,,,,,,,,,,,,,,,,,,,,,,,,,,,,,,,,,,,,,,,,,,,,,,,,,,,,,,,,,,,,,,,,,,,,,,,,,,,,,,,,,,,,,,,,,,,,,,,,,,,,,,,,,,,,,,,,,,,,,,,,,,,,,,,
18.0,29.0,1.0,8.0,1.0,1.0,1.0,3.0,1.0,1.0,4.0,1.0,1.0,1.0,1.0,1.0,,,,,,,,,,,,,,,,,,,,,,,,,,,,,,,,,,,,,,,,,,,,,,,,,,,,,,,,,,,,,,,,,,,,,,,,,,,,,,,,,,,,,,,,,,,,,,,,,,,,,,,,,,,,,,,,,,,,,,,,,,,,,,,,,,,,,,,,,,,,,,,,,,,,,,,,,,,,,,,
74.0,101.0,1.0,67.0,1.0,1.0,1.0,9.0,1.0,1.0,4.0,1.0,2.0,1.0,54.0,1.0,1.0,1.0,1.0,1.0,1.0,1.0,1.0,1.0,1.0,1.0,2.0,,,,,,,,,,,,,,,,,,,,,,,,,,,,,,,,,,,,,,,,,,,,,,,,,,,,,,,,,,,,,,,,,,,,,,,,,,,,,,,,,,,,,,,,,,,,,,,,,,,,,,,,,,,,,,,,,,,,,,,,,,,,,,,,,,,,,,,,,,,,,,,,,,,,
134.0,165.0,1.0,131.0,1.0,1.0,1.0,10.0,1.0,1.0,5.0,1.0,9.0,1.0,93.0,1.0,4.0,1.0,1.0,1.0,3.0,17.0,6.0,2.0,1.0,1.0,3.0,10.0,1.0,5.0,7.0,19.0,1.0,1.0,1.0,2.0,2.0,2.0,1.0,1.0,,,,,,,,,,,,,,,,,,,,,,,,,,,,,,,,,,,,,,,,,,,,,,,,,,,,,,,,,,,,,,,,,,,,,,,,,,,,,,,,,,,,,,,,,,,,,,,,,,,,,,,,,,,,,,,,,,,,,,,,,,,,,,,,,,,,,,,
243.0,283.0,1.0,249.0,1.0,3.0,2.0,28.0,1.0,1.0,6.0,3.0,24.0,1.0,174.0,1.0,7.0,2.0,1.0,1.0,3.0,62.0,13.0,2.0,1.0,2.0,3.0,13.0,5.0,8.0,15.0,69.0,1.0,1.0,1.0,9.0,2.0,3.0,7.0,1.0,2.0,1.0,3.0,1.0,1.0,2.0,2.0,1.0,9.0,2.0,10.0,17.0,1.0,1.0,1.0,1.0,1.0,1.0,5.0,1.0,2.0,1.0,2.0,2.0,1.0,2.0,1.0,1.0,1.0,1.0,1.0,1.0,1.0,,,,,,,,,,,,,,,,,,,,,,,,,,,,,,,,,,,,,,,,,,,,,,,,,,,,,,,,,,,,,,,,,,,,,,,,,,,,,,,,,,,,,,,,,,,,,,,,,,,,,,
308.0,370.0,1.0,329.0,1.0,3.0,2.0,58.0,1.0,1.0,8.0,4.0,39.0,1.0,246.0,1.0,9.0,3.0,1.0,1.0,4.0,90.0,24.0,2.0,1.0,7.0,3.0,17.0,5.0,33.0,22.0,107.0,1.0,1.0,1.0,17.0,2.0,3.0,15.0,1.0,4.0,1.0,6.0,1.0,1.0,3.0,2.0,1.0,18.0,4.0,18.0,24.0,1.0,1.0,1.0,1.0,1.0,1.0,5.0,1.0,2.0,1.0,2.0,2.0,1.0,2.0,2.0,1.0,1.0,1.0,1.0,1.0,1.0,1.0,12.0,1.0,1.0,1.0,1.0,1.0,1.0,1.0,1.0,1.0,1.0,1.0,3.0,,,,,,,,,,,,,,,,,,,,,,,,,,,,,,,,,,,,,,,,,,,,,,,,,,,,,,,,,,,,,,,,,,,,,,,,,,,,,,,,,,,,,,,,
365.0,432.0,1.0,394.0,1.0,3.0,2.0,85.0,1.0,1.0,8.0,5.0,57.0,1.0,305.0,2.0,9.0,3.0,1.0,2.0,4.0,127.0,32.0,3.0,3.0,8.0,3.0,20.0,5.0,40.0,32.0,147.0,2.0,1.0,2.0,20.0,2.0,3.0,18.0,1.0,4.0,1.0,7.0,1.0,1.0,3.0,2.0,2.0,24.0,8.0,24.0,33.0,1.0,2.0,1.0,2.0,1.0,1.0,5.0,1.0,2.0,1.0,3.0,2.0,2.0,2.0,2.0,1.0,1.0,1.0,1.0,1.0,1.0,1.0,14.0,1.0,1.0,1.0,1.0,1.0,1.0,1.0,1.0,2.0,1.0,4.0,6.0,1.0,3.0,1.0,1.0,1.0,1.0,1.0,2.0,1.0,1.0,1.0,1.0,1.0,1.0,1.0,2.0,1.0,,,,,,,,,,,,,,,,,,,,,,,,,,,,,,,,,,,,,,,,,,,,,,,,,,,,,,,,,,,,,,,,,,,,,,,
428.0,497.0,1.0,465.0,1.0,3.0,2.0,117.0,1.0,1.0,9.0,10.0,107.0,1.0,364.0,2.0,14.0,4.0,1.0,2.0,4.0,159.0,40.0,16.0,4.0,9.0,3.0,24.0,8.0,45.0,41.0,181.0,2.0,1.0,16.0,23.0,2.0,4.0,23.0,1.0,5.0,2.0,8.0,1.0,1.0,3.0,2.0,2.0,32.0,11.0,32.0,40.0,1.0,2.0,2.0,2.0,1.0,1.0,5.0,1.0,6.0,1.0,3.0,3.0,2.0,2.0,3.0,1.0,1.0,1.0,1.0,2.0,1.0,2.0,14.0,1.0,1.0,1.0,1.0,1.0,1.0,1.0,1.0,6.0,1.0,17.0,6.0,1.0,3.0,2.0,1.0,3.0,1.0,1.0,2.0,1.0,14.0,1.0,1.0,1.0,1.0,2.0,2.0,1.0,2.0,1.0,1.0,3.0,1.0,1.0,1.0,,,,,,,,,,,,,,,,,,,,,,,,,,,,,,,,,,,,,,,,,,,,,,,,,,,,,,,,,,,,,,,,
465.0,522.0,1.0,498.0,1.0,3.0,2.0,135.0,1.0,2.0,9.0,15.0,121.0,1.0,396.0,2.0,18.0,4.0,2.0,2.0,5.0,177.0,42.0,17.0,4.0,10.0,3.0,30.0,12.0,47.0,42.0,201.0,2.0,1.0,17.0,25.0,2.0,4.0,24.0,1.0,5.0,2.0,8.0,1.0,1.0,3.0,2.0,3.0,33.0,12.0,37.0,40.0,1.0,2.0,3.0,2.0,1.0,1.0,5.0,1.0,8.0,1.0,4.0,4.0,3.0,2.0,3.0,1.0,1.0,1.0,1.0,7.0,1.0,2.0,17.0,1.0,1.0,1.0,1.0,1.0,1.0,1.0,1.0,7.0,1.0,20.0,6.0,1.0,3.0,2.0,1.0,3.0,1.0,1.0,4.0,3.0,15.0,1.0,1.0,1.0,1.0,3.0,2.0,1.0,2.0,1.0,1.0,3.0,1.0,1.0,1.0,1.0,4.0,1.0,2.0,1.0,1.0,2.0,1.0,5.0,1.0,1.0,1.0,1.0,,,,,,,,,,,,,,,,,,,,,,,,,,,,,,,,,,,,,,,,,,,,,,,,,,,
519.0,567.0,1.0,566.0,1.0,3.0,2.0,164.0,1.0,2.0,9.0,18.0,140.0,1.0,449.0,2.0,19.0,5.0,5.0,3.0,5.0,198.0,44.0,17.0,4.0,13.0,3.0,35.0,27.0,51.0,42.0,219.0,2.0,1.0,23.0,31.0,2.0,4.0,26.0,1.0,5.0,2.0,8.0,1.0,1.0,3.0,2.0,3.0,33.0,12.0,38.0,40.0,1.0,2.0,4.0,2.0,1.0,1.0,5.0,1.0,9.0,1.0,5.0,4.0,17.0,2.0,3.0,1.0,1.0,1.0,1.0,8.0,1.0,2.0,17.0,1.0,1.0,1.0,1.0,1.0,1.0,1.0,1.0,8.0,1.0,32.0,7.0,1.0,3.0,2.0,1.0,3.0,1.0,1.0,4.0,3.0,24.0,1.0,1.0,2.0,1.0,3.0,2.0,1.0,2.0,1.0,1.0,3.0,1.0,1.0,1.0,1.0,57.0,1.0,2.0,1.0,1.0,2.0,1.0,5.0,1.0,1.0,8.0,1.0,1.0,4.0,2.0,7.0,3.0,1.0,1.0,1.0,2.0,1.0,1.0,,,,,,,,,,,,,,,,,,,,,,,,,,,,,,,,,,,,,,,,
544.0,593.0,1.0,591.0,1.0,3.0,22.0,174.0,1.0,3.0,9.0,24.0,149.0,1.0,473.0,2.0,26.0,5.0,6.0,3.0,5.0,225.0,50.0,17.0,4.0,14.0,3.0,37.0,32.0,57.0,43.0,236.0,3.0,1.0,23.0,32.0,2.0,4.0,28.0,1.0,5.0,2.0,8.0,1.0,1.0,3.0,2.0,3.0,34.0,12.0,38.0,40.0,2.0,2.0,4.0,2.0,1.0,1.0,5.0,1.0,13.0,1.0,5.0,7.0,17.0,2.0,3.0,1.0,5.0,5.0,1.0,8.0,1.0,2.0,17.0,1.0,1.0,1.0,1.0,4.0,1.0,1.0,1.0,8.0,1.0,33.0,7.0,1.0,3.0,2.0,1.0,3.0,1.0,1.0,4.0,4.0,24.0,1.0,1.0,4.0,1.0,3.0,2.0,1.0,8.0,1.0,1.0,3.0,1.0,1.0,1.0,1.0,58.0,1.0,2.0,1.0,1.0,2.0,1.0,5.0,1.0,1.0,8.0,1.0,1.0,6.0,2.0,7.0,3.0,1.0,2.0,2.0,2.0,1.0,1.0,3.0,1.0,1.0,1.0,1.0,,,,,,,,,,,,,,,,,,,,,,,,,,,,,,,,,,,
564.0,608.0,1.0,613.0,1.0,3.0,22.0,182.0,2.0,3.0,10.0,26.0,168.0,1.0,496.0,2.0,28.0,6.0,7.0,3.0,5.0,238.0,54.0,17.0,4.0,15.0,3.0,39.0,36.0,62.0,45.0,254.0,3.0,1.0,23.0,34.0,2.0,4.0,29.0,1.0,5.0,2.0,8.0,1.0,1.0,4.0,4.0,3.0,36.0,12.0,40.0,40.0,2.0,2.0,4.0,2.0,1.0,1.0,5.0,1.0,15.0,1.0,5.0,7.0,19.0,2.0,3.0,1.0,6.0,6.0,1.0,8.0,1.0,2.0,17.0,1.0,1.0,1.0,1.0,4.0,1.0,1.0,1.0,8.0,1.0,36.0,7.0,1.0,3.0,2.0,1.0,3.0,1.0,1.0,4.0,4.0,24.0,1.0,1.0,4.0,1.0,3.0,2.0,1.0,9.0,1.0,1.0,3.0,3.0,3.0,3.0,1.0,65.0,1.0,2.0,1.0,1.0,4.0,1.0,5.0,1.0,1.0,11.0,1.0,2.0,8.0,2.0,7.0,3.0,1.0,3.0,2.0,3.0,1.0,1.0,3.0,1.0,1.0,1.0,1.0,1.0,2.0,2.0,1.0,,,,,,,,,,,,,,,,,,,,,,,,,,,,,,,
579.0,622.0,1.0,634.0,1.0,3.0,22.0,192.0,2.0,3.0,10.0,29.0,174.0,1.0,520.0,2.0,32.0,6.0,7.0,3.0,5.0,255.0,57.0,17.0,4.0,15.0,3.0,39.0,39.0,63.0,46.0,263.0,4.0,1.0,23.0,34.0,2.0,4.0,30.0,1.0,5.0,2.0,8.0,1.0,1.0,4.0,5.0,3.0,39.0,12.0,40.0,40.0,2.0,2.0,5.0,3.0,1.0,1.0,5.0,1.0,16.0,1.0,5.0,7.0,20.0,2.0,3.0,1.0,7.0,7.0,1.0,10.0,1.0,3.0,17.0,1.0,1.0,1.0,1.0,4.0,1.0,1.0,1.0,9.0,1.0,38.0,7.0,1.0,3.0,4.0,1.0,3.0,1.0,1.0,4.0,4.0,24.0,1.0,1.0,4.0,1.0,3.0,2.0,1.0,10.0,1.0,1.0,3.0,3.0,4.0,3.0,1.0,66.0,1.0,2.0,1.0,1.0,6.0,1.0,5.0,1.0,1.0,12.0,1.0,2.0,8.0,10.0,7.0,3.0,1.0,4.0,2.0,3.0,1.0,1.0,3.0,1.0,1.0,1.0,1.0,1.0,2.0,2.0,1.0,1.0,1.0,1.0,1.0,1.0,1.0,,,,,,,,,,,,,,,,,,,,,,,,,
590.0,627.0,1.0,646.0,1.0,3.0,23.0,198.0,2.0,3.0,10.0,29.0,178.0,1.0,531.0,2.0,32.0,7.0,7.0,3.0,5.0,267.0,60.0,17.0,4.0,15.0,3.0,39.0,41.0,64.0,47.0,271.0,4.0,1.0,23.0,35.0,2.0,4.0,32.0,2.0,5.0,2.0,8.0,1.0,1.0,4.0,5.0,3.0,40.0,12.0,40.0,40.0,2.0,2.0,5.0,3.0,1.0,1.0,5.0,1.0,16.0,1.0,5.0,7.0,20.0,2.0,3.0,1.0,7.0,7.0,1.0,10.0,1.0,3.0,17.0,1.0,1.0,1.0,1.0,4.0,1.0,1.0,1.0,10.0,2.0,38.0,7.0,1.0,3.0,4.0,1.0,5.0,2.0,1.0,4.0,4.0,24.0,1.0,1.0,4.0,1.0,3.0,2.0,1.0,10.0,1.0,1.0,3.0,3.0,4.0,3.0,1.0,67.0,1.0,2.0,1.0,1.0,7.0,1.0,5.0,1.0,1.0,12.0,1.0,2.0,8.0,10.0,7.0,3.0,1.0,4.0,2.0,3.0,1.0,1.0,3.0,1.0,1.0,1.0,1.0,1.0,2.0,2.0,1.0,1.0,1.0,1.0,1.0,2.0,2.0,1.0,2.0,1.0,1.0,1.0,1.0,1.0,,,,,,,,,,,,,,,,,,
599.0,631.0,1.0,659.0,1.0,3.0,23.0,198.0,2.0,3.0,10.0,29.0,185.0,1.0,541.0,2.0,33.0,8.0,10.0,3.0,5.0,275.0,60.0,17.0,4.0,15.0,3.0,41.0,41.0,69.0,47.0,280.0,5.0,1.0,23.0,38.0,4.0,4.0,33.0,2.0,6.0,2.0,8.0,1.0,1.0,4.0,5.0,3.0,41.0,13.0,43.0,43.0,2.0,2.0,5.0,3.0,1.0,1.0,5.0,1.0,16.0,1.0,5.0,7.0,20.0,2.0,3.0,3.0,7.0,7.0,1.0,10.0,1.0,3.0,17.0,1.0,1.0,1.0,1.0,5.0,1.0,3.0,2.0,10.0,2.0,39.0,7.0,1.0,3.0,5.0,1.0,5.0,2.0,1.0,4.0,4.0,24.0,1.0,1.0,4.0,1.0,3.0,2.0,1.0,10.0,1.0,1.0,3.0,3.0,4.0,3.0,1.0,67.0,1.0,2.0,1.0,1.0,7.0,1.0,5.0,1.0,1.0,12.0,1.0,4.0,8.0,10.0,7.0,3.0,3.0,4.0,2.0,5.0,1.0,1.0,3.0,1.0,1.0,1.0,1.0,1.0,2.0,2.0,1.0,1.0,1.0,3.0,1.0,2.0,2.0,1.0,2.0,1.0,1.0,1.0,1.0,1.0,1.0,1.0,1.0,1.0,1.0,,,,,,,,,,,,,
605.0,637.0,1.0,667.0,1.0,3.0,23.0,199.0,2.0,3.0,12.0,30.0,186.0,1.0,549.0,2.0,35.0,8.0,10.0,3.0,5.0,277.0,61.0,17.0,4.0,15.0,3.0,43.0,42.0,69.0,47.0,283.0,5.0,1.0,23.0,38.0,4.0,4.0,34.0,2.0,6.0,2.0,8.0,1.0,1.0,4.0,6.0,3.0,43.0,14.0,43.0,44.0,2.0,2.0,5.0,3.0,1.0,1.0,5.0,1.0,17.0,1.0,5.0,7.0,20.0,2.0,3.0,3.0,8.0,8.0,1.0,10.0,1.0,4.0,17.0,1.0,1.0,1.0,1.0,9.0,1.0,3.0,2.0,10.0,2.0,40.0,7.0,1.0,3.0,5.0,1.0,5.0,2.0,1.0,5.0,4.0,24.0,1.0,1.0,5.0,1.0,3.0,2.0,1.0,10.0,1.0,1.0,3.0,3.0,4.0,3.0,1.0,69.0,1.0,2.0,1.0,1.0,9.0,1.0,5.0,1.0,1.0,12.0,1.0,4.0,8.0,10.0,9.0,3.0,3.0,5.0,2.0,5.0,1.0,1.0,4.0,1.0,1.0,1.0,1.0,1.0,2.0,2.0,2.0,1.0,1.0,3.0,1.0,2.0,2.0,1.0,2.0,1.0,1.0,1.0,1.0,1.0,1.0,1.0,1.0,1.0,1.0,1.0,1.0,1.0,1.0,,,,,,,,,
612.0,641.0,1.0,672.0,1.0,3.0,23.0,200.0,2.0,3.0,12.0,30.0,188.0,1.0,555.0,2.0,35.0,8.0,10.0,3.0,5.0,282.0,61.0,17.0,4.0,15.0,3.0,44.0,43.0,70.0,48.0,288.0,5.0,1.0,23.0,38.0,4.0,4.0,34.0,2.0,6.0,2.0,8.0,1.0,1.0,4.0,6.0,3.0,43.0,14.0,43.0,44.0,2.0,2.0,5.0,3.0,1.0,1.0,5.0,1.0,18.0,1.0,5.0,9.0,20.0,2.0,3.0,3.0,9.0,11.0,6.0,10.0,1.0,4.0,17.0,1.0,1.0,1.0,1.0,9.0,1.0,3.0,2.0,10.0,2.0,40.0,7.0,1.0,3.0,5.0,1.0,5.0,2.0,1.0,5.0,4.0,24.0,1.0,1.0,5.0,1.0,3.0,2.0,1.0,10.0,1.0,1.0,3.0,3.0,4.0,3.0,1.0,69.0,1.0,2.0,1.0,1.0,9.0,1.0,5.0,1.0,1.0,12.0,1.0,4.0,8.0,10.0,9.0,3.0,3.0,5.0,2.0,5.0,1.0,1.0,4.0,1.0,1.0,1.0,1.0,1.0,2.0,2.0,2.0,1.0,1.0,3.0,1.0,2.0,2.0,1.0,2.0,1.0,1.0,1.0,1.0,1.0,1.0,1.0,1.0,1.0,1.0,1.0,1.0,1.0,1.0,1.0,1.0,2.0,1.0,1.0,1.0,1.0,,
617.0,642.0,1.0,680.0,1.0,3.0,23.0,202.0,2.0,3.0,12.0,30.0,191.0,1.0,563.0,2.0,35.0,8.0,10.0,3.0,5.0,282.0,67.0,17.0,4.0,15.0,3.0,44.0,45.0,71.0,50.0,288.0,5.0,1.0,23.0,39.0,4.0,4.0,34.0,2.0,6.0,2.0,8.0,1.0,1.0,4.0,6.0,3.0,43.0,14.0,46.0,44.0,2.0,2.0,5.0,3.0,1.0,1.0,5.0,1.0,18.0,1.0,5.0,11.0,20.0,2.0,3.0,3.0,11.0,13.0,6.0,11.0,1.0,4.0,17.0,1.0,1.0,1.0,1.0,9.0,1.0,3.0,2.0,10.0,2.0,42.0,7.0,1.0,3.0,5.0,1.0,5.0,2.0,1.0,5.0,4.0,24.0,1.0,1.0,7.0,1.0,3.0,2.0,1.0,10.0,1.0,1.0,3.0,3.0,4.0,3.0,1.0,71.0,1.0,2.0,1.0,1.0,10.0,1.0,5.0,1.0,1.0,13.0,1.0,4.0,8.0,10.0,9.0,3.0,3.0,6.0,4.0,5.0,1.0,1.0,6.0,1.0,1.0,1.0,1.0,1.0,2.0,2.0,4.0,1.0,1.0,3.0,1.0,2.0,2.0,1.0,2.0,1.0,1.0,1.0,1.0,1.0,1.0,1.0,1.0,1.0,1.0,1.0,1.0,1.0,1.0,1.0,1.0,2.0,1.0,1.0,1.0,1.0,,
621.0,642.0,1.0,685.0,1.0,3.0,23.0,203.0,2.0,3.0,12.0,30.0,192.0,1.0,567.0,2.0,35.0,8.0,10.0,3.0,5.0,282.0,67.0,17.0,4.0,15.0,3.0,44.0,47.0,71.0,50.0,293.0,5.0,1.0,23.0,39.0,4.0,4.0,34.0,2.0,6.0,2.0,8.0,1.0,1.0,4.0,6.0,3.0,43.0,14.0,52.0,44.0,2.0,2.0,5.0,3.0,1.0,1.0,5.0,1.0,18.0,1.0,5.0,14.0,20.0,2.0,3.0,3.0,14.0,17.0,6.0,11.0,1.0,4.0,17.0,1.0,1.0,1.0,1.0,9.0,1.0,3.0,2.0,10.0,2.0,44.0,7.0,1.0,3.0,5.0,1.0,5.0,2.0,1.0,5.0,4.0,24.0,1.0,1.0,8.0,1.0,3.0,2.0,1.0,10.0,1.0,1.0,3.0,3.0,4.0,3.0,1.0,71.0,1.0,2.0,1.0,1.0,10.0,1.0,5.0,1.0,1.0,13.0,1.0,4.0,8.0,10.0,9.0,3.0,3.0,6.0,4.0,5.0,1.0,1.0,6.0,1.0,1.0,1.0,1.0,1.0,2.0,2.0,4.0,1.0,1.0,3.0,1.0,2.0,2.0,1.0,2.0,1.0,1.0,1.0,1.0,1.0,1.0,1.0,1.0,1.0,1.0,1.0,1.0,1.0,1.0,1.0,1.0,2.0,1.0,1.0,1.0,1.0,,
623.0,642.0,1.0,688.0,1.0,3.0,23.0,204.0,2.0,3.0,12.0,30.0,193.0,1.0,570.0,2.0,35.0,9.0,10.0,3.0,5.0,282.0,67.0,17.0,4.0,15.0,3.0,44.0,47.0,71.0,51.0,293.0,5.0,1.0,23.0,39.0,4.0,4.0,34.0,2.0,6.0,2.0,8.0,1.0,1.0,4.0,7.0,3.0,43.0,14.0,52.0,44.0,2.0,2.0,5.0,3.0,1.0,1.0,5.0,1.0,18.0,1.0,5.0,14.0,20.0,2.0,3.0,3.0,14.0,17.0,6.0,12.0,1.0,4.0,17.0,1.0,1.0,1.0,1.0,9.0,1.0,3.0,2.0,10.0,2.0,44.0,7.0,1.0,3.0,5.0,1.0,5.0,2.0,1.0,5.0,4.0,24.0,1.0,1.0,9.0,1.0,3.0,2.0,1.0,10.0,1.0,1.0,3.0,3.0,4.0,3.0,1.0,71.0,1.0,2.0,1.0,1.0,10.0,1.0,5.0,1.0,1.0,13.0,1.0,4.0,8.0,10.0,9.0,3.0,3.0,6.0,4.0,5.0,1.0,1.0,6.0,1.0,1.0,1.0,1.0,1.0,2.0,2.0,4.0,1.0,1.0,3.0,1.0,2.0,2.0,1.0,2.0,1.0,1.0,1.0,1.0,1.0,1.0,1.0,1.0,1.0,1.0,1.0,1.0,1.0,1.0,1.0,1.0,2.0,1.0,1.0,1.0,1.0,,
624.0,642.0,1.0,688.0,1.0,3.0,23.0,206.0,2.0,3.0,12.0,34.0,193.0,1.0,570.0,2.0,40.0,9.0,10.0,3.0,5.0,282.0,71.0,17.0,4.0,15.0,3.0,44.0,47.0,71.0,51.0,293.0,5.0,1.0,23.0,40.0,4.0,4.0,34.0,2.0,7.0,2.0,8.0,1.0,1.0,4.0,7.0,3.0,43.0,14.0,52.0,44.0,2.0,2.0,5.0,3.0,1.0,1.0,5.0,1.0,18.0,1.0,5.0,14.0,20.0,2.0,3.0,3.0,14.0,17.0,6.0,12.0,1.0,4.0,17.0,1.0,1.0,1.0,1.0,9.0,1.0,3.0,2.0,10.0,2.0,44.0,9.0,1.0,3.0,6.0,2.0,5.0,2.0,1.0,5.0,4.0,24.0,1.0,1.0,9.0,1.0,3.0,2.0,1.0,12.0,1.0,2.0,3.0,3.0,4.0,3.0,1.0,71.0,1.0,2.0,1.0,1.0,10.0,1.0,5.0,1.0,1.0,13.0,1.0,4.0,8.0,10.0,9.0,3.0,3.0,6.0,4.0,5.0,1.0,1.0,6.0,1.0,1.0,1.0,1.0,2.0,2.0,2.0,4.0,1.0,1.0,3.0,1.0,2.0,2.0,1.0,2.0,1.0,1.0,1.0,1.0,1.0,1.0,1.0,1.0,1.0,1.0,1.0,1.0,1.0,1.0,1.0,1.0,2.0,1.0,1.0,1.0,1.0,,
626.0,642.0,1.0,690.0,1.0,3.0,23.0,206.0,2.0,3.0,12.0,34.0,193.0,1.0,571.0,2.0,40.0,9.0,11.0,3.0,5.0,282.0,71.0,17.0,4.0,15.0,3.0,44.0,47.0,71.0,51.0,293.0,5.0,1.0,23.0,40.0,4.0,4.0,34.0,2.0,7.0,2.0,8.0,1.0,1.0,4.0,7.0,3.0,43.0,14.0,52.0,44.0,2.0,2.0,5.0,3.0,1.0,1.0,5.0,1.0,18.0,1.0,5.0,14.0,20.0,2.0,3.0,3.0,14.0,17.0,6.0,12.0,1.0,4.0,17.0,1.0,1.0,1.0,1.0,9.0,1.0,3.0,2.0,10.0,2.0,44.0,9.0,1.0,3.0,6.0,2.0,5.0,2.0,1.0,5.0,4.0,24.0,1.0,1.0,9.0,1.0,3.0,2.0,1.0,13.0,1.0,2.0,3.0,3.0,4.0,3.0,1.0,71.0,1.0,2.0,1.0,1.0,10.0,1.0,5.0,1.0,1.0,13.0,1.0,4.0,9.0,10.0,9.0,5.0,3.0,6.0,4.0,5.0,1.0,1.0,6.0,1.0,1.0,1.0,1.0,2.0,2.0,2.0,5.0,1.0,1.0,3.0,1.0,2.0,2.0,1.0,2.0,1.0,1.0,1.0,1.0,1.0,1.0,1.0,1.0,1.0,1.0,1.0,1.0,1.0,1.0,1.0,1.0,2.0,1.0,1.0,1.0,1.0,,
626.0,642.0,1.0,690.0,1.0,3.0,23.0,206.0,2.0,3.0,12.0,34.0,196.0,1.0,571.0,2.0,40.0,9.0,11.0,3.0,5.0,282.0,71.0,17.0,4.0,15.0,3.0,44.0,48.0,71.0,51.0,293.0,5.0,1.0,23.0,40.0,4.0,4.0,34.0,2.0,7.0,2.0,8.0,1.0,1.0,4.0,7.0,3.0,43.0,14.0,52.0,44.0,2.0,2.0,5.0,3.0,1.0,1.0,5.0,1.0,18.0,1.0,5.0,14.0,21.0,2.0,3.0,3.0,14.0,17.0,6.0,12.0,1.0,4.0,17.0,1.0,1.0,1.0,1.0,9.0,1.0,3.0,2.0,10.0,2.0,44.0,9.0,1.0,3.0,6.0,2.0,5.0,2.0,1.0,5.0,4.0,24.0,1.0,1.0,9.0,1.0,3.0,2.0,1.0,13.0,1.0,2.0,5.0,5.0,4.0,3.0,1.0,71.0,1.0,2.0,1.0,1.0,10.0,1.0,5.0,1.0,1.0,13.0,1.0,4.0,9.0,10.0,9.0,5.0,3.0,6.0,4.0,5.0,1.0,1.0,6.0,1.0,1.0,1.0,1.0,2.0,2.0,2.0,5.0,1.0,1.0,3.0,1.0,2.0,2.0,1.0,2.0,1.0,1.0,1.0,1.0,1.0,1.0,1.0,1.0,1.0,1.0,1.0,1.0,1.0,1.0,1.0,1.0,2.0,1.0,1.0,1.0,1.0,1.0,
627.0,642.0,1.0,692.0,1.0,3.0,23.0,206.0,2.0,3.0,12.0,34.0,196.0,1.0,571.0,2.0,40.0,9.0,11.0,3.0,5.0,282.0,71.0,17.0,4.0,15.0,3.0,44.0,49.0,71.0,51.0,293.0,5.0,1.0,23.0,40.0,4.0,4.0,34.0,2.0,7.0,2.0,8.0,1.0,1.0,4.0,7.0,3.0,43.0,14.0,52.0,44.0,2.0,2.0,5.0,3.0,1.0,1.0,5.0,1.0,21.0,1.0,5.0,14.0,21.0,2.0,3.0,3.0,15.0,18.0,6.0,12.0,1.0,4.0,17.0,1.0,1.0,1.0,1.0,9.0,1.0,3.0,2.0,10.0,2.0,44.0,9.0,1.0,3.0,6.0,2.0,5.0,2.0,1.0,5.0,4.0,24.0,1.0,1.0,10.0,1.0,3.0,2.0,1.0,13.0,1.0,2.0,5.0,5.0,4.0,3.0,1.0,71.0,1.0,2.0,1.0,1.0,10.0,1.0,5.0,1.0,1.0,13.0,1.0,4.0,9.0,10.0,9.0,5.0,3.0,6.0,4.0,5.0,1.0,1.0,6.0,1.0,1.0,1.0,1.0,2.0,2.0,2.0,6.0,1.0,1.0,3.0,1.0,2.0,2.0,1.0,2.0,1.0,1.0,1.0,1.0,1.0,1.0,1.0,1.0,1.0,1.0,1.0,1.0,1.0,1.0,1.0,1.0,2.0,1.0,1.0,1.0,1.0,1.0,
628.0,642.0,1.0,693.0,1.0,3.0,23.0,206.0,2.0,3.0,12.0,34.0,197.0,1.0,572.0,2.0,40.0,9.0,11.0,3.0,5.0,282.0,71.0,17.0,4.0,15.0,3.0,44.0,49.0,72.0,51.0,293.0,5.0,1.0,23.0,40.0,4.0,4.0,34.0,2.0,8.0,2.0,8.0,1.0,1.0,4.0,7.0,3.0,43.0,14.0,52.0,44.0,2.0,2.0,5.0,3.0,1.0,1.0,5.0,1.0,21.0,1.0,5.0,14.0,21.0,2.0,3.0,3.0,15.0,18.0,6.0,12.0,1.0,4.0,17.0,1.0,1.0,1.0,1.0,9.0,1.0,3.0,2.0,10.0,4.0,44.0,9.0,1.0,3.0,6.0,2.0,5.0,2.0,1.0,5.0,4.0,24.0,1.0,1.0,10.0,1.0,3.0,2.0,1.0,13.0,1.0,2.0,5.0,5.0,4.0,3.0,1.0,71.0,1.0,2.0,1.0,1.0,10.0,1.0,5.0,1.0,1.0,13.0,1.0,4.0,9.0,10.0,9.0,5.0,3.0,6.0,4.0,5.0,1.0,1.0,6.0,1.0,1.0,1.0,1.0,2.0,2.0,2.0,6.0,1.0,1.0,3.0,1.0,2.0,2.0,1.0,2.0,1.0,1.0,1.0,1.0,1.0,1.0,1.0,1.0,1.0,1.0,1.0,1.0,1.0,1.0,1.0,1.0,2.0,1.0,1.0,1.0,1.0,1.0,
629.0,643.0,1.0,695.0,1.0,3.0,23.0,206.0,2.0,3.0,12.0,34.0,199.0,1.0,573.0,2.0,40.0,9.0,11.0,3.0,5.0,282.0,71.0,17.0,4.0,15.0,3.0,44.0,49.0,72.0,51.0,293.0,5.0,1.0,23.0,40.0,4.0,4.0,34.0,2.0,8.0,2.0,8.0,1.0,1.0,4.0,7.0,3.0,43.0,14.0,52.0,44.0,2.0,2.0,5.0,3.0,1.0,1.0,5.0,1.0,21.0,1.0,5.0,14.0,22.0,2.0,3.0,3.0,15.0,18.0,6.0,12.0,1.0,4.0,17.0,1.0,1.0,1.0,1.0,9.0,1.0,3.0,2.0,10.0,4.0,44.0,10.0,1.0,3.0,6.0,2.0,5.0,2.0,1.0,5.0,4.0,24.0,1.0,1.0,10.0,1.0,3.0,2.0,1.0,13.0,1.0,2.0,5.0,5.0,4.0,3.0,1.0,72.0,1.0,2.0,1.0,1.0,10.0,1.0,5.0,1.0,1.0,13.0,1.0,4.0,9.0,10.0,10.0,5.0,3.0,6.0,4.0,5.0,1.0,1.0,6.0,1.0,1.0,1.0,1.0,2.0,2.0,2.0,6.0,1.0,1.0,3.0,1.0,2.0,2.0,1.0,2.0,1.0,1.0,1.0,1.0,1.0,1.0,1.0,1.0,1.0,1.0,1.0,1.0,1.0,1.0,1.0,1.0,2.0,1.0,1.0,1.0,1.0,1.0,1.0
632.0,643.0,1.0,698.0,1.0,3.0,23.0,206.0,2.0,3.0,13.0,34.0,200.0,1.0,576.0,2.0,40.0,9.0,11.0,3.0,5.0,282.0,71.0,17.0,4.0,15.0,3.0,44.0,50.0,75.0,51.0,294.0,5.0,1.0,23.0,40.0,4.0,4.0,34.0,2.0,8.0,2.0,8.0,1.0,1.0,4.0,7.0,3.0,44.0,14.0,52.0,44.0,2.0,2.0,5.0,3.0,1.0,1.0,5.0,1.0,21.0,1.0,5.0,14.0,23.0,2.0,3.0,3.0,15.0,18.0,6.0,12.0,1.0,4.0,17.0,1.0,1.0,1.0,1.0,9.0,1.0,3.0,2.0,10.0,4.0,44.0,10.0,1.0,3.0,6.0,2.0,9.0,2.0,1.0,5.0,4.0,24.0,1.0,1.0,10.0,1.0,3.0,2.0,1.0,13.0,1.0,2.0,5.0,5.0,4.0,3.0,1.0,72.0,1.0,2.0,1.0,1.0,11.0,1.0,5.0,1.0,1.0,13.0,1.0,4.0,9.0,10.0,11.0,5.0,3.0,7.0,4.0,5.0,1.0,1.0,6.0,1.0,1.0,1.0,1.0,2.0,2.0,3.0,6.0,1.0,1.0,3.0,1.0,2.0,4.0,1.0,2.0,1.0,1.0,1.0,1.0,1.0,1.0,1.0,1.0,1.0,1.0,1.0,1.0,2.0,1.0,1.0,1.0,2.0,1.0,1.0,1.0,1.0,1.0,1.0
632.0,643.0,1.0,698.0,1.0,3.0,23.0,206.0,2.0,3.0,13.0,34.0,200.0,1.0,576.0,2.0,40.0,9.0,11.0,3.0,5.0,282.0,71.0,17.0,4.0,15.0,3.0,44.0,50.0,75.0,51.0,294.0,5.0,1.0,23.0,40.0,4.0,4.0,34.0,2.0,8.0,2.0,8.0,1.0,1.0,4.0,7.0,3.0,44.0,14.0,52.0,44.0,2.0,2.0,5.0,3.0,1.0,1.0,5.0,1.0,21.0,1.0,5.0,14.0,23.0,2.0,3.0,3.0,15.0,18.0,6.0,12.0,1.0,4.0,17.0,1.0,1.0,1.0,1.0,9.0,1.0,3.0,2.0,10.0,4.0,44.0,10.0,1.0,3.0,6.0,2.0,9.0,2.0,1.0,5.0,4.0,24.0,1.0,1.0,10.0,1.0,3.0,2.0,1.0,13.0,1.0,2.0,5.0,5.0,4.0,3.0,1.0,72.0,1.0,2.0,1.0,1.0,11.0,1.0,5.0,1.0,1.0,13.0,1.0,4.0,9.0,10.0,11.0,5.0,3.0,7.0,4.0,5.0,1.0,1.0,6.0,1.0,1.0,1.0,1.0,2.0,2.0,3.0,6.0,1.0,1.0,3.0,1.0,2.0,4.0,1.0,2.0,1.0,1.0,1.0,1.0,1.0,1.0,1.0,1.0,1.0,1.0,1.0,1.0,2.0,1.0,1.0,1.0,2.0,1.0,1.0,1.0,1.0,1.0,1.0
632.0,643.0,1.0,698.0,1.0,3.0,23.0,206.0,2.0,3.0,13.0,34.0,200.0,1.0,576.0,2.0,40.0,9.0,11.0,3.0,5.0,282.0,71.0,17.0,4.0,15.0,3.0,44.0,50.0,75.0,52.0,294.0,5.0,1.0,23.0,40.0,4.0,4.0,34.0,2.0,8.0,2.0,8.0,1.0,1.0,4.0,7.0,3.0,44.0,14.0,52.0,44.0,2.0,2.0,5.0,3.0,1.0,1.0,5.0,1.0,21.0,1.0,5.0,14.0,24.0,2.0,3.0,3.0,15.0,18.0,6.0,12.0,1.0,4.0,17.0,1.0,1.0,1.0,1.0,9.0,1.0,3.0,2.0,10.0,4.0,44.0,10.0,1.0,3.0,6.0,2.0,9.0,2.0,1.0,5.0,4.0,24.0,1.0,1.0,10.0,1.0,3.0,2.0,1.0,13.0,1.0,2.0,5.0,5.0,4.0,3.0,1.0,72.0,1.0,2.0,1.0,1.0,13.0,1.0,5.0,1.0,1.0,15.0,1.0,4.0,9.0,10.0,11.0,5.0,3.0,9.0,4.0,5.0,1.0,1.0,6.0,1.0,1.0,1.0,1.0,2.0,2.0,3.0,6.0,1.0,1.0,3.0,1.0,2.0,5.0,1.0,2.0,1.0,1.0,1.0,1.0,1.0,1.0,1.0,1.0,1.0,1.0,1.0,1.0,2.0,1.0,1.0,1.0,2.0,1.0,1.0,1.0,1.0,1.0,1.0
633.0,643.0,1.0,699.0,1.0,3.0,23.0,206.0,2.0,3.0,13.0,34.0,200.0,1.0,576.0,2.0,40.0,10.0,11.0,3.0,5.0,282.0,71.0,17.0,4.0,15.0,3.0,44.0,50.0,76.0,52.0,295.0,5.0,1.0,23.0,40.0,4.0,4.0,34.0,2.0,8.0,2.0,8.0,1.0,1.0,4.0,7.0,3.0,44.0,14.0,52.0,44.0,2.0,2.0,5.0,3.0,1.0,1.0,5.0,1.0,21.0,1.0,5.0,14.0,24.0,2.0,3.0,3.0,15.0,18.0,6.0,12.0,1.0,4.0,17.0,1.0,1.0,1.0,1.0,9.0,1.0,3.0,2.0,10.0,4.0,44.0,10.0,1.0,3.0,6.0,2.0,9.0,2.0,1.0,5.0,4.0,24.0,1.0,1.0,10.0,1.0,3.0,2.0,1.0,13.0,1.0,2.0,5.0,5.0,4.0,3.0,1.0,72.0,1.0,2.0,1.0,1.0,13.0,1.0,5.0,1.0,1.0,15.0,1.0,4.0,9.0,10.0,11.0,5.0,3.0,9.0,4.0,5.0,1.0,1.0,6.0,1.0,1.0,1.0,1.0,2.0,2.0,3.0,6.0,1.0,1.0,3.0,1.0,2.0,5.0,1.0,2.0,1.0,1.0,1.0,1.0,1.0,1.0,1.0,1.0,1.0,1.0,1.0,1.0,2.0,1.0,1.0,1.0,2.0,1.0,1.0,1.0,1.0,1.0,1.0
633.0,643.0,1.0,699.0,1.0,3.0,23.0,206.0,2.0,3.0,13.0,34.0,200.0,1.0,576.0,2.0,40.0,10.0,11.0,3.0,5.0,282.0,71.0,17.0,4.0,15.0,3.0,44.0,50.0,76.0,52.0,295.0,5.0,1.0,23.0,40.0,4.0,4.0,34.0,2.0,8.0,2.0,8.0,1.0,1.0,4.0,7.0,3.0,44.0,14.0,52.0,44.0,2.0,2.0,5.0,3.0,1.0,1.0,5.0,1.0,21.0,1.0,5.0,14.0,24.0,2.0,3.0,3.0,15.0,18.0,6.0,12.0,1.0,4.0,17.0,1.0,1.0,1.0,1.0,9.0,1.0,3.0,2.0,10.0,4.0,44.0,10.0,1.0,3.0,6.0,2.0,9.0,2.0,1.0,5.0,4.0,24.0,1.0,1.0,10.0,1.0,3.0,2.0,1.0,13.0,1.0,2.0,5.0,5.0,4.0,3.0,1.0,72.0,1.0,2.0,1.0,1.0,13.0,1.0,5.0,1.0,1.0,15.0,1.0,4.0,9.0,10.0,11.0,5.0,3.0,9.0,4.0,5.0,1.0,1.0,6.0,1.0,1.0,1.0,1.0,2.0,2.0,3.0,6.0,1.0,1.0,3.0,1.0,2.0,5.0,1.0,2.0,1.0,1.0,1.0,1.0,1.0,1.0,1.0,1.0,1.0,1.0,1.0,1.0,2.0,1.0,1.0,1.0,2.0,1.0,1.0,1.0,1.0,1.0,1.0
633.0,643.0,1.0,699.0,1.0,3.0,23.0,206.0,2.0,3.0,13.0,34.0,200.0,1.0,576.0,2.0,40.0,10.0,11.0,3.0,5.0,282.0,71.0,17.0,4.0,15.0,3.0,44.0,50.0,76.0,52.0,295.0,5.0,1.0,23.0,40.0,4.0,4.0,34.0,2.0,8.0,2.0,8.0,1.0,1.0,4.0,7.0,3.0,44.0,14.0,52.0,44.0,2.0,2.0,5.0,3.0,1.0,1.0,5.0,1.0,21.0,1.0,5.0,14.0,24.0,2.0,3.0,3.0,15.0,18.0,6.0,12.0,1.0,4.0,17.0,1.0,1.0,1.0,1.0,9.0,1.0,3.0,2.0,10.0,4.0,44.0,10.0,1.0,3.0,6.0,2.0,9.0,2.0,1.0,5.0,4.0,24.0,1.0,1.0,10.0,1.0,3.0,2.0,1.0,13.0,1.0,2.0,5.0,5.0,4.0,3.0,1.0,72.0,1.0,2.0,1.0,1.0,13.0,1.0,5.0,1.0,1.0,15.0,1.0,4.0,9.0,10.0,11.0,5.0,3.0,9.0,4.0,5.0,1.0,1.0,6.0,1.0,1.0,1.0,1.0,2.0,2.0,3.0,6.0,1.0,1.0,3.0,1.0,2.0,5.0,1.0,2.0,1.0,1.0,1.0,1.0,1.0,1.0,1.0,1.0,1.0,1.0,1.0,1.0,2.0,1.0,1.0,1.0,2.0,1.0,1.0,1.0,1.0,1.0,1.0
634.0,643.0,1.0,700.0,1.0,3.0,23.0,206.0,2.0,3.0,13.0,34.0,200.0,1.0,577.0,2.0,40.0,10.0,11.0,3.0,5.0,282.0,71.0,17.0,4.0,15.0,3.0,44.0,50.0,76.0,52.0,295.0,5.0,1.0,23.0,40.0,4.0,4.0,34.0,2.0,8.0,2.0,8.0,1.0,1.0,4.0,7.0,3.0,44.0,14.0,52.0,44.0,2.0,2.0,5.0,3.0,1.0,1.0,5.0,1.0,22.0,1.0,5.0,18.0,24.0,2.0,3.0,3.0,17.0,19.0,8.0,12.0,1.0,4.0,17.0,1.0,1.0,1.0,1.0,9.0,1.0,3.0,2.0,10.0,4.0,44.0,10.0,1.0,3.0,6.0,2.0,9.0,2.0,1.0,5.0,4.0,24.0,1.0,1.0,10.0,1.0,3.0,2.0,1.0,13.0,1.0,2.0,5.0,5.0,4.0,3.0,1.0,72.0,1.0,2.0,1.0,1.0,13.0,1.0,5.0,1.0,1.0,15.0,1.0,4.0,9.0,10.0,11.0,5.0,3.0,9.0,4.0,5.0,1.0,1.0,6.0,1.0,1.0,1.0,1.0,2.0,2.0,3.0,6.0,1.0,1.0,3.0,1.0,2.0,5.0,1.0,2.0,1.0,1.0,1.0,1.0,1.0,1.0,1.0,1.0,1.0,1.0,1.0,1.0,2.0,1.0,2.0,3.0,2.0,1.0,1.0,1.0,1.0,1.0,1.0
634.0,643.0,1.0,700.0,1.0,3.0,23.0,206.0,2.0,3.0,13.0,34.0,200.0,1.0,577.0,2.0,40.0,10.0,11.0,3.0,5.0,282.0,71.0,17.0,4.0,15.0,3.0,44.0,50.0,76.0,52.0,295.0,5.0,1.0,23.0,40.0,4.0,4.0,34.0,2.0,8.0,2.0,8.0,1.0,1.0,4.0,7.0,3.0,44.0,14.0,52.0,44.0,2.0,2.0,5.0,3.0,1.0,1.0,5.0,1.0,22.0,1.0,5.0,18.0,24.0,2.0,3.0,3.0,17.0,19.0,8.0,12.0,1.0,4.0,17.0,1.0,1.0,1.0,1.0,9.0,1.0,3.0,2.0,10.0,4.0,44.0,10.0,1.0,3.0,6.0,2.0,9.0,2.0,1.0,5.0,4.0,24.0,1.0,1.0,10.0,1.0,3.0,2.0,1.0,13.0,1.0,2.0,5.0,5.0,4.0,3.0,1.0,72.0,1.0,2.0,1.0,1.0,13.0,1.0,5.0,1.0,1.0,15.0,1.0,4.0,9.0,10.0,11.0,5.0,3.0,9.0,4.0,5.0,1.0,1.0,6.0,1.0,1.0,1.0,1.0,2.0,2.0,3.0,6.0,1.0,1.0,3.0,1.0,2.0,5.0,1.0,2.0,1.0,1.0,1.0,1.0,1.0,1.0,1.0,1.0,1.0,1.0,1.0,1.0,2.0,1.0,2.0,3.0,2.0,1.0,1.0,1.0,1.0,1.0,1.0
634.0,643.0,1.0,700.0,1.0,3.0,23.0,206.0,2.0,3.0,13.0,34.0,200.0,1.0,577.0,2.0,40.0,10.0,11.0,3.0,5.0,282.0,71.0,17.0,4.0,15.0,3.0,44.0,50.0,76.0,52.0,295.0,5.0,1.0,23.0,40.0,4.0,4.0,34.0,2.0,8.0,2.0,8.0,1.0,1.0,4.0,7.0,3.0,44.0,14.0,52.0,44.0,2.0,2.0,5.0,3.0,1.0,1.0,5.0,1.0,22.0,1.0,5.0,18.0,24.0,2.0,3.0,3.0,17.0,19.0,8.0,12.0,1.0,4.0,17.0,1.0,1.0,1.0,1.0,9.0,1.0,3.0,2.0,10.0,4.0,44.0,10.0,1.0,3.0,6.0,2.0,9.0,2.0,1.0,5.0,4.0,24.0,1.0,1.0,10.0,1.0,3.0,2.0,1.0,13.0,1.0,2.0,5.0,5.0,4.0,3.0,1.0,72.0,1.0,2.0,1.0,1.0,13.0,1.0,5.0,1.0,1.0,15.0,1.0,4.0,9.0,10.0,11.0,5.0,3.0,9.0,4.0,5.0,1.0,1.0,6.0,1.0,1.0,1.0,1.0,2.0,2.0,3.0,6.0,1.0,1.0,3.0,1.0,2.0,5.0,1.0,2.0,1.0,1.0,1.0,1.0,1.0,1.0,1.0,1.0,1.0,1.0,1.0,1.0,2.0,1.0,2.0,3.0,2.0,1.0,1.0,1.0,1.0,1.0,1.0
634.0,643.0,1.0,700.0,1.0,3.0,23.0,206.0,2.0,3.0,13.0,34.0,200.0,1.0,577.0,2.0,40.0,10.0,11.0,3.0,5.0,282.0,71.0,17.0,4.0,15.0,3.0,44.0,50.0,76.0,52.0,295.0,5.0,1.0,23.0,40.0,4.0,4.0,34.0,2.0,8.0,2.0,8.0,1.0,1.0,4.0,7.0,3.0,44.0,14.0,52.0,44.0,2.0,2.0,5.0,3.0,1.0,1.0,5.0,1.0,22.0,1.0,5.0,18.0,24.0,2.0,3.0,3.0,17.0,19.0,8.0,12.0,1.0,4.0,17.0,1.0,1.0,1.0,1.0,9.0,1.0,3.0,2.0,10.0,4.0,44.0,10.0,1.0,3.0,6.0,2.0,9.0,2.0,1.0,5.0,4.0,24.0,1.0,1.0,10.0,1.0,3.0,2.0,1.0,13.0,1.0,2.0,5.0,5.0,4.0,3.0,1.0,72.0,1.0,2.0,1.0,1.0,13.0,1.0,5.0,1.0,1.0,15.0,1.0,4.0,9.0,10.0,11.0,5.0,3.0,9.0,4.0,5.0,1.0,1.0,6.0,1.0,1.0,1.0,1.0,2.0,2.0,3.0,6.0,1.0,1.0,3.0,1.0,2.0,5.0,1.0,2.0,1.0,1.0,1.0,1.0,1.0,1.0,1.0,1.0,1.0,1.0,1.0,1.0,2.0,1.0,2.0,3.0,2.0,1.0,1.0,1.0,1.0,1.0,1.0
634.0,643.0,1.0,700.0,1.0,3.0,23.0,206.0,2.0,3.0,13.0,34.0,200.0,1.0,577.0,2.0,40.0,10.0,11.0,3.0,5.0,282.0,71.0,17.0,4.0,15.0,3.0,44.0,50.0,76.0,52.0,295.0,5.0,1.0,23.0,40.0,4.0,4.0,34.0,2.0,8.0,2.0,8.0,1.0,1.0,4.0,7.0,3.0,44.0,14.0,52.0,44.0,2.0,2.0,5.0,3.0,1.0,1.0,5.0,1.0,22.0,1.0,5.0,18.0,24.0,2.0,3.0,3.0,17.0,19.0,8.0,12.0,1.0,4.0,17.0,1.0,1.0,1.0,1.0,9.0,1.0,3.0,2.0,10.0,4.0,44.0,10.0,1.0,3.0,6.0,2.0,9.0,2.0,1.0,5.0,4.0,24.0,1.0,1.0,10.0,1.0,3.0,2.0,1.0,13.0,1.0,2.0,5.0,5.0,4.0,3.0,1.0,72.0,1.0,2.0,1.0,1.0,13.0,1.0,5.0,1.0,1.0,15.0,1.0,4.0,9.0,10.0,11.0,5.0,3.0,9.0,4.0,5.0,1.0,1.0,6.0,1.0,1.0,1.0,1.0,2.0,2.0,3.0,6.0,1.0,1.0,3.0,1.0,2.0,5.0,1.0,2.0,1.0,1.0,1.0,1.0,1.0,1.0,1.0,1.0,1.0,1.0,1.0,1.0,2.0,1.0,2.0,3.0,2.0,1.0,1.0,1.0,1.0,1.0,1.0
634.0,643.0,1.0,700.0,1.0,3.0,23.0,206.0,2.0,3.0,13.0,34.0,200.0,1.0,577.0,2.0,40.0,10.0,11.0,3.0,5.0,282.0,71.0,17.0,4.0,15.0,3.0,44.0,50.0,76.0,52.0,295.0,5.0,1.0,23.0,40.0,4.0,4.0,34.0,2.0,8.0,2.0,8.0,1.0,1.0,4.0,7.0,3.0,44.0,14.0,52.0,44.0,2.0,2.0,5.0,3.0,1.0,1.0,5.0,1.0,22.0,1.0,5.0,18.0,24.0,2.0,3.0,3.0,17.0,19.0,8.0,12.0,1.0,4.0,17.0,1.0,1.0,1.0,1.0,9.0,1.0,3.0,2.0,10.0,4.0,44.0,10.0,1.0,3.0,6.0,2.0,9.0,2.0,1.0,5.0,4.0,24.0,1.0,1.0,10.0,1.0,3.0,2.0,1.0,13.0,1.0,2.0,5.0,5.0,4.0,3.0,1.0,72.0,1.0,2.0,1.0,1.0,13.0,1.0,5.0,1.0,1.0,15.0,1.0,4.0,9.0,10.0,11.0,5.0,3.0,9.0,4.0,5.0,1.0,1.0,6.0,1.0,1.0,1.0,1.0,2.0,2.0,3.0,6.0,1.0,1.0,3.0,1.0,2.0,5.0,1.0,2.0,1.0,1.0,1.0,1.0,1.0,1.0,1.0,1.0,1.0,1.0,1.0,1.0,2.0,1.0,2.0,3.0,2.0,1.0,1.0,1.0,1.0,1.0,1.0
634.0,643.0,1.0,700.0,1.0,3.0,23.0,206.0,2.0,3.0,13.0,34.0,200.0,1.0,577.0,2.0,40.0,10.0,11.0,3.0,5.0,282.0,71.0,17.0,4.0,15.0,3.0,44.0,50.0,76.0,52.0,295.0,5.0,1.0,23.0,40.0,4.0,4.0,34.0,2.0,8.0,2.0,8.0,1.0,1.0,4.0,7.0,3.0,44.0,14.0,52.0,44.0,2.0,2.0,5.0,3.0,1.0,1.0,5.0,1.0,22.0,1.0,5.0,18.0,24.0,2.0,3.0,3.0,17.0,19.0,8.0,12.0,1.0,4.0,17.0,1.0,1.0,1.0,1.0,9.0,1.0,3.0,2.0,10.0,4.0,44.0,10.0,1.0,3.0,6.0,2.0,9.0,2.0,1.0,5.0,4.0,24.0,1.0,1.0,10.0,1.0,3.0,2.0,1.0,13.0,1.0,2.0,5.0,5.0,4.0,3.0,1.0,72.0,1.0,2.0,1.0,1.0,13.0,1.0,5.0,1.0,1.0,15.0,1.0,4.0,9.0,10.0,11.0,5.0,3.0,9.0,4.0,5.0,1.0,1.0,6.0,1.0,1.0,1.0,1.0,2.0,2.0,3.0,6.0,1.0,1.0,3.0,1.0,2.0,5.0,1.0,2.0,1.0,1.0,1.0,1.0,1.0,1.0,1.0,1.0,1.0,1.0,1.0,1.0,2.0,1.0,2.0,3.0,2.0,1.0,1.0,1.0,1.0,1.0,1.0
634.0,643.0,1.0,700.0,1.0,3.0,23.0,206.0,2.0,3.0,13.0,34.0,200.0,1.0,577.0,2.0,40.0,10.0,11.0,3.0,5.0,282.0,71.0,17.0,4.0,15.0,3.0,44.0,50.0,76.0,52.0,295.0,5.0,1.0,23.0,40.0,4.0,4.0,34.0,2.0,8.0,2.0,8.0,1.0,1.0,4.0,7.0,3.0,44.0,14.0,52.0,44.0,2.0,2.0,5.0,3.0,1.0,1.0,5.0,1.0,22.0,1.0,5.0,18.0,24.0,2.0,3.0,3.0,17.0,19.0,8.0,12.0,1.0,4.0,17.0,1.0,1.0,1.0,1.0,9.0,1.0,3.0,2.0,10.0,4.0,44.0,10.0,1.0,3.0,6.0,2.0,9.0,2.0,1.0,5.0,4.0,24.0,1.0,1.0,10.0,1.0,3.0,2.0,1.0,13.0,1.0,2.0,5.0,5.0,4.0,3.0,1.0,72.0,1.0,2.0,1.0,1.0,13.0,1.0,5.0,1.0,1.0,15.0,1.0,4.0,9.0,10.0,11.0,5.0,3.0,9.0,4.0,5.0,1.0,1.0,6.0,1.0,1.0,1.0,1.0,2.0,2.0,3.0,6.0,1.0,1.0,3.0,1.0,2.0,5.0,1.0,2.0,1.0,1.0,1.0,1.0,1.0,1.0,1.0,1.0,1.0,1.0,1.0,1.0,2.0,1.0,2.0,3.0,2.0,1.0,1.0,1.0,1.0,1.0,1.0
635.0,643.0,1.0,701.0,1.0,3.0,23.0,206.0,2.0,3.0,13.0,34.0,200.0,1.0,578.0,2.0,40.0,10.0,11.0,3.0,5.0,282.0,71.0,17.0,4.0,15.0,3.0,44.0,50.0,76.0,52.0,295.0,5.0,1.0,23.0,40.0,4.0,4.0,34.0,2.0,8.0,2.0,8.0,1.0,1.0,4.0,7.0,3.0,44.0,14.0,52.0,44.0,2.0,2.0,5.0,3.0,1.0,1.0,5.0,1.0,23.0,1.0,5.0,18.0,24.0,2.0,3.0,3.0,18.0,20.0,9.0,12.0,1.0,4.0,17.0,1.0,1.0,1.0,1.0,9.0,1.0,3.0,2.0,10.0,4.0,44.0,10.0,1.0,3.0,6.0,2.0,9.0,2.0,1.0,5.0,4.0,24.0,1.0,1.0,10.0,1.0,3.0,2.0,1.0,13.0,1.0,2.0,5.0,5.0,4.0,3.0,1.0,72.0,1.0,2.0,1.0,1.0,13.0,1.0,5.0,1.0,1.0,15.0,1.0,4.0,9.0,10.0,11.0,5.0,3.0,9.0,4.0,5.0,1.0,1.0,6.0,1.0,1.0,1.0,1.0,2.0,2.0,3.0,6.0,1.0,1.0,3.0,1.0,2.0,5.0,1.0,2.0,1.0,1.0,1.0,1.0,1.0,1.0,1.0,1.0,1.0,1.0,1.0,1.0,2.0,1.0,2.0,4.0,2.0,1.0,1.0,1.0,1.0,1.0,1.0
